<?xml version="1.0"?>
<!DOCTYPE hibernate-mapping PUBLIC "-//Hibernate/Hibernate Mapping DTD 3.0//EN"
"http://hibernate.sourceforge.net/hibernate-mapping-3.0.dtd">
<!-- Generated 04-Oct-2023, 9:34:49 am by Hibernate Tools 3.5.0.Final -->

<hibernate-mapping>
	<class name="com.java.jsf.model.Menu" table="Menu">
		<id name="menuId" type="int">
			<column name="MENUID"/>
			<generator class="assigned"/>
		</id>
			
		<property name="itemName" type="java.lang.String">
		<column name="ITEMNAME"/>
		</property>			
		
		<property name="price" type="double">
		<column name="PRICE"/>
		</property>
		
		<property name="restaurantId" type="int">
		<column name="RESTAURANTID"/>
		</property>
		
		<property name="rating" type="double">
		<column name="RATING"/>
		</property>
	</class>

	<query name="showMenuById">
		from Menu where restaurantId=:restaurantId
	</query>
	
</hibernate-mapping>