<?xml version="1.0" encoding="UTF-8"?>
<faces-config xmlns="http://java.sun.com/xml/ns/javaee"
	xmlns:xsi="http://www.w3.org/2001/XMLSchema-instance"
	xsi:schemaLocation="http://java.sun.com/xml/ns/javaee /WEB-INF/schema/web-facesconfig_2_0.xsd"
	version="2.0" metadata-complete="false">

	<!-- CanteenDao Bean -->
	<managed-bean>
		<managed-bean-name>dao</managed-bean-name>
		<managed-bean-class>com.java.jsf.Dao.CanteenDaoImpl</managed-bean-class>
		<managed-bean-scope>view</managed-bean-scope>
	</managed-bean>

	<!-- Menu Bean -->
	<managed-bean>
		<managed-bean-name>menu</managed-bean-name>
		<managed-bean-class>com.java.jsf.model.Menu</managed-bean-class>
		<managed-bean-scope>view</managed-bean-scope>
	</managed-bean>

	<!-- Restaurant Bean -->
	<managed-bean>
		<managed-bean-name>restaurant</managed-bean-name>
		<managed-bean-class>com.java.jsf.model.Restaurant</managed-bean-class>
		<managed-bean-scope>view</managed-bean-scope>
	</managed-bean>

	<!-- CanteenController Bean -->
	<managed-bean>
		<managed-bean-name>canteenController</managed-bean-name>
		<managed-bean-class>com.java.jsf.Controller.CanteenController</managed-bean-class>
		<managed-bean-scope>view</managed-bean-scope>

		<managed-property>
			<property-name>dao</property-name>
			<property-class>com.java.jsf.Dao.CanteenDaoImpl</property-class>
			<value>#{dao}</value>
		</managed-property>

		<managed-property>
			<property-name>menu</property-name>
			<property-class>com.java.jsf.model.Menu</property-class>
			<value>#{menu}</value>
		</managed-property>

		<managed-property>
            <property-name>res</property-name>
            <property-class>com.java.jsf.model.Restaurant</property-class>
            <value>#{restaurant}</value>
    </managed-property>
	</managed-bean>

</faces-config>
